x1, y1, x2, y2, x3, y3, velocity1_x, velocity1_y, steering1, throttle1, velocity2_x, velocity2_y, steering2, throttle2, 
0, 0, 0, 0, 0.0, 0.0, 2.5617809295654297, 4.243235111236572, 0, 0, 1.6158714294433594, 4.830146312713623,0, 0, 
0, 0, 0.0, 0.0, -0.0031338499393314123, -0.004874267615377903, 1.6158714294433594, 4.830146312713623, 0, 0, -0.04226698353886604, -0.011454141698777676,1.0325932011599586, 0.3262060130354201, 
0.0, 0.0, -0.0031338499393314123, -0.004874267615377903, 0.10077804327011108, -0.007390136364847422, -0.04226698353886604, -0.011454141698777676, 1.0325932011599586, 0.3262060130354201, 0.0360279344022274, 0.03165033087134361,-0.10755670307315118, 0.355933183143619, 
-0.0031338499393314123, -0.004874267615377903, 0.10077804327011108, -0.007390136364847422, 0.3746117949485779, 0.0009399413829669356, 0.0360279344022274, 0.03165033087134361, -0.10755670307315118, 0.355933183143619, 0.8633444905281067, -0.06036416068673134,0.05871580765530071, 0.4363593928925713, 
0.10077804327011108, -0.007390136364847422, 0.3746117949485779, 0.0009399413829669356, 0.8395336866378784, 0.046142578125, 0.8633444905281067, -0.06036416068673134, 0.05871580765530071, 0.4363593928925713, 1.7310479879379272, 0.0472673662006855,0.17891407272853738, 0.5126186002088412, 
0.3746117949485779, 0.0009399413829669356, 0.8395336866378784, 0.046142578125, 1.4315829277038574, 0.17581908404827118, 1.7310479879379272, 0.0472673662006855, 0.17891407272853738, 0.5126186002088412, 2.6323492527008057, 0.2745099663734436,0.5015571412362004, 0.37091449703284934, 
0.8395336866378784, 0.046142578125, 1.4315829277038574, 0.17581908404827118, 2.0277886390686035, 0.4646252393722534, 2.6323492527008057, 0.2745099663734436, 0.5015571412362004, 0.37091449703284934, 2.9543304443359375, 0.8670755624771118,0.8308469200509914, 0.3807818661762645, 
1.4315829277038574, 0.17581908404827118, 2.0277886390686035, 0.4646252393722534, 2.6129825115203857, 0.9212622046470642, 2.9543304443359375, 0.8670755624771118, 0.8308469200509914, 0.3807818661762645, 2.9676342010498047, 1.8013774156570435,0.7908904320245431, 0.29170505307569067, 
2.0277886390686035, 0.4646252393722534, 2.6129825115203857, 0.9212622046470642, 3.1120095252990723, 1.562343716621399, 2.9676342010498047, 1.8013774156570435, 0.7908904320245431, 0.29170505307569067, 2.986151695251465, 2.664405107498169,1.2703673396068376, 0.2861582479386474, 
2.6129825115203857, 0.9212622046470642, 3.1120095252990723, 1.562343716621399, 3.6270036697387695, 2.3379247188568115, 2.986151695251465, 2.664405107498169, 1.2703673396068376, 0.2861582479386474, 2.192279815673828, 3.509960651397705,-0.396384551675781, 0.1855568635321809, 
3.1120095252990723, 1.562343716621399, 3.6270036697387695, 2.3379247188568115, 4.24183464050293, 2.939781427383423, 2.192279815673828, 3.509960651397705, -0.396384551675781, 0.1855568635321809, 2.8182320594787598, 3.747389078140259,-0.48431596372960506, 0.43758292129637144, 
0, 0, 0, 0, 0.0, 0.0, 2.8182320594787598, 3.747389078140259, 0, 0, 3.6890571117401123, 3.2574567794799805,0, 0, 
0, 0, 0.0, 0.0, 0.0036936949472874403, -0.0011560057755559683, 3.6890571117401123, 3.2574567794799805, 0, 0, -0.00590631365776062, 0.005718923173844814,-0.611053061648959, 0.2078694741355765, 
0.0, 0.0, 0.0036936949472874403, -0.0011560057755559683, 0.08589385449886322, 0.0023547362070530653, -0.00590631365776062, 0.005718923173844814, -0.611053061648959, 0.2078694741355765, 0.16384555399417877, -0.029616307467222214,0.9206049521159549, 0.3763372059244691, 
0.0036936949472874403, -0.0011560057755559683, 0.08589385449886322, 0.0023547362070530653, 0.3146746754646301, -0.016441650688648224, 0.16384555399417877, -0.029616307467222214, 0.9206049521159549, 0.3763372059244691, 0.7599136829376221, 0.07270132005214691,-0.4388395483186981, 0.4067652131425511, 
0.08589385449886322, 0.0023547362070530653, 0.3146746754646301, -0.016441650688648224, 0.6806396245956421, -0.06904418766498566, 0.7599136829376221, 0.07270132005214691, -0.4388395483186981, 0.4067652131425511, 1.4846365451812744, -0.20434147119522095,-0.257336344970578, 0.3237465818419714, 
0.3146746754646301, -0.016441650688648224, 0.6806396245956421, -0.06904418766498566, 1.1889941692352295, -0.06197265535593033, 1.4846365451812744, -0.20434147119522095, -0.257336344970578, 0.3237465818419714, 2.0877742767333984, -0.3034568428993225,0.5244509025208848, 0.502978528717574, 
0.6806396245956421, -0.06904418766498566, 1.1889941692352295, -0.06197265535593033, 1.8311421871185303, -0.08873657137155533, 2.0877742767333984, -0.3034568428993225, 0.5244509025208848, 0.502978528717574, 2.877011299133301, 0.21062295138835907,-0.3017026697858157, 0.2643552111148387, 
1.1889941692352295, -0.06197265535593033, 1.8311421871185303, -0.08873657137155533, 2.558439016342163, -0.08175048977136612, 2.877011299133301, 0.21062295138835907, -0.3017026697858157, 0.2643552111148387, 3.3972113132476807, -0.40003085136413574,0.6113322072871873, 0.36841812172520205, 
1.8311421871185303, -0.08873657137155533, 2.558439016342163, -0.08175048977136612, 3.402470111846924, 0.08723998814821243, 3.3972113132476807, -0.40003085136413574, 0.6113322072871873, 0.36841812172520205, 3.831319808959961, 0.32751893997192383,0.5311931525383007, 0.19828547682968428, 
2.558439016342163, -0.08175048977136612, 3.402470111846924, 0.08723998814821243, 4.205872058868408, 0.2377893030643463, 3.831319808959961, 0.32751893997192383, 0.5311931525383007, 0.19828547682968428, 3.6868274211883545, 1.066300868988037,-1.6043002553905794, 0.3705871009863949, 
3.402470111846924, 0.08723998814821243, 4.205872058868408, 0.2377893030643463, 5.0726165771484375, 0.4135229289531708, 3.6868274211883545, 1.066300868988037, -1.6043002553905794, 0.3705871009863949, 4.350501537322998, 0.5311623811721802,1.6433320302483414, 0.27104532945193294, 
4.205872058868408, 0.2377893030643463, 5.0726165771484375, 0.4135229289531708, 6.01470422744751, 0.5920556783676147, 4.350501537322998, 0.5311623811721802, 1.6433320302483414, 0.27104532945193294, 4.547865390777588, 1.2264047861099243,-0.5917665077646694, 0.32367714442085804, 
5.0726165771484375, 0.4135229289531708, 6.01470422744751, 0.5920556783676147, 7.131777286529541, 0.8640197515487671, 4.547865390777588, 1.2264047861099243, -0.5917665077646694, 0.32367714442085804, 5.045078277587891, 0.5555830597877502,0.8979732536148155, 0.2409220559054462, 
6.01470422744751, 0.5920556783676147, 7.131777286529541, 0.8640197515487671, 7.991963863372803, 1.2782812118530273, 5.045078277587891, 0.5555830597877502, 0.8979732536148155, 0.2409220559054462, 4.950073719024658, 1.6703720092773438,1.2263331079016204, 0.2607253701141521, 
7.131777286529541, 0.8640197515487671, 7.991963863372803, 1.2782812118530273, 8.78824234008789, 1.8248876333236694, 4.950073719024658, 1.6703720092773438, 1.2263331079016204, 0.2607253701141521, 4.176860332489014, 2.503495931625366,-0.5273884599317591, 0.23556750478648675, 
7.991963863372803, 1.2782812118530273, 8.78824234008789, 1.8248876333236694, 9.795174598693848, 2.2965147495269775, 4.176860332489014, 2.503495931625366, -0.5273884599317591, 0.23556750478648675, 4.529468536376953, 2.9343278408050537,-0.3304488322379334, 0.38967065488757974, 
8.78824234008789, 1.8248876333236694, 9.795174598693848, 2.2965147495269775, 10.78432559967041, 2.8722898960113525, 4.529468536376953, 2.9343278408050537, -0.3304488322379334, 0.38967065488757974, 5.2386627197265625, 2.181535243988037,0.9793691170056169, 0.42551617015407805, 
9.795174598693848, 2.2965147495269775, 10.78432559967041, 2.8722898960113525, 12.015795707702637, 3.3940587043762207, 5.2386627197265625, 2.181535243988037, 0.9793691170056169, 0.42551617015407805, 5.062857627868652, 2.75541090965271,-1.6281704323477852, 0.3691574451061518, 
10.78432559967041, 2.8722898960113525, 12.015795707702637, 3.3940587043762207, 13.132868766784668, 3.744046449661255, 5.062857627868652, 2.75541090965271, -1.6281704323477852, 0.3691574451061518, 5.6614813804626465, 2.2194325923919678,-0.29658787183488056, 0.20975643122496496, 
12.015795707702637, 3.3940587043762207, 13.132868766784668, 3.744046449661255, 14.425154685974121, 3.872084856033325, 5.6614813804626465, 2.2194325923919678, -0.29658787183488056, 0.20975643122496496, 5.851589679718018, 1.5860410928726196,-0.896878964390557, 0.3231931496062837, 
13.132868766784668, 3.744046449661255, 14.425154685974121, 3.872084856033325, 15.546134948730469, 3.8101415634155273, 5.851589679718018, 1.5860410928726196, -0.896878964390557, 0.3231931496062837, 5.991860389709473, -0.07912245392799377,0.917844799072752, 0.4405178876085101, 
14.425154685974121, 3.872084856033325, 15.546134948730469, 3.8101415634155273, 16.804027557373047, 3.809218645095825, 5.991860389709473, -0.07912245392799377, 0.917844799072752, 0.4405178876085101, 5.942665100097656, -0.5593036413192749,0.4304489738792395, 0.25140577709860445, 
15.546134948730469, 3.8101415634155273, 16.804027557373047, 3.809218645095825, 17.90329360961914, 3.8224668502807617, 5.942665100097656, -0.5593036413192749, 0.4304489738792395, 0.25140577709860445, 5.955690860748291, 0.15875163674354553,-0.11357001758722024, 0.44816126829394454, 
16.804027557373047, 3.809218645095825, 17.90329360961914, 3.8224668502807617, 19.23285675048828, 3.959294319152832, 5.955690860748291, 0.15875163674354553, -0.11357001758722024, 0.44816126829394454, 6.382974624633789, 0.24182690680027008,1.0643333443322494, 0.5139489553218306, 
17.90329360961914, 3.8224668502807617, 19.23285675048828, 3.959294319152832, 20.673015594482422, 4.3099045753479, 6.382974624633789, 0.24182690680027008, 1.0643333443322494, 0.5139489553218306, 6.768038749694824, 1.2038415670394897,0.8651780605954014, 0.15129502468918582, 
19.23285675048828, 3.959294319152832, 20.673015594482422, 4.3099045753479, 21.77193832397461, 4.881645202636719, 6.768038749694824, 1.2038415670394897, 0.8651780605954014, 0.15129502468918582, 6.081533908843994, 2.2839882373809814,-0.08606751493895326, 0.3071429080114405, 
0, 0, 0, 0, 0.0, 0.0, 6.081533908843994, 2.2839882373809814, 0, 0, 5.3868231773376465, 3.457158088684082,0, 0, 
0, 0, 0.0, 0.0, 0.19909027218818665, -0.1571997106075287, 5.3868231773376465, 3.457158088684082, 0, 0, 0.901383638381958, -1.3184435367584229,-1.1014393641510538, 0.32755867571579306, 
0.0, 0.0, 0.19909027218818665, -0.1571997106075287, 0.5222729444503784, -0.14717285335063934, 0.901383638381958, -1.3184435367584229, -1.1014393641510538, 0.32755867571579306, 1.125675916671753, -0.13304802775382996,0.4301190772729908, 0.3187435968687438, 
0.19909027218818665, -0.1571997106075287, 0.5222729444503784, -0.14717285335063934, 0.9590182304382324, -0.016163330525159836, 1.125675916671753, -0.13304802775382996, 0.4301190772729908, 0.3187435968687438, 1.9512789249420166, 0.3041355013847351,0.7202970755804927, 0.31664404412905556, 
0.5222729444503784, -0.14717285335063934, 0.9590182304382324, -0.016163330525159836, 1.5163699388504028, 0.11182373017072678, 1.9512789249420166, 0.3041355013847351, 0.7202970755804927, 0.31664404412905556, 2.3092334270477295, 0.8412729501724243,-0.21729224868742258, 0.5009677786575187, 
0.9590182304382324, -0.016163330525159836, 1.5163699388504028, 0.11182373017072678, 2.2044055461883545, 0.08781494200229645, 2.3092334270477295, 0.8412729501724243, -0.21729224868742258, 0.5009677786575187, 3.153639554977417, 0.3948191702365875,-0.6191299552918208, 0.3942392027652905, 
1.5163699388504028, 0.11182373017072678, 2.2044055461883545, 0.08781494200229645, 2.9474282264709473, 0.062388915568590164, 3.153639554977417, 0.3948191702365875, -0.6191299552918208, 0.3942392027652905, 3.55340838432312, -0.3308141231536865,0.8929161625759798, 0.4889242968258539, 
2.2044055461883545, 0.08781494200229645, 2.9474282264709473, 0.062388915568590164, 3.758967876434326, 0.17891356348991394, 3.55340838432312, -0.3308141231536865, 0.8929161625759798, 0.4889242968258539, 4.008976936340332, 0.13334397971630096,0.291555485577291, 0.08957907225819747, 
2.9474282264709473, 0.062388915568590164, 3.758967876434326, 0.17891356348991394, 4.737463474273682, 0.2160302698612213, 4.008976936340332, 0.13334397971630096, 0.291555485577291, 0.08957907225819747, 4.318819046020508, 0.7165833711624146,-1.2286782880041867, 0.32385055614322483, 
3.758967876434326, 0.17891356348991394, 4.737463474273682, 0.2160302698612213, 5.612437725067139, 0.04029174894094467, 4.318819046020508, 0.7165833711624146, -1.2286782880041867, 0.32385055614322483, 4.64704704284668, -0.17151321470737457,-0.6911857254023532, 0.20651278326302772, 
4.737463474273682, 0.2160302698612213, 5.612437725067139, 0.04029174894094467, 6.59425687789917, -0.3282116651535034, 4.64704704284668, -0.17151321470737457, -0.6911857254023532, 0.20651278326302772, 4.468823432922363, -1.1929818391799927,-0.4416910556657203, 0.23320818383502817, 
5.612437725067139, 0.04029174894094467, 6.59425687789917, -0.3282116651535034, 7.526007652282715, -0.6946923732757568, 4.468823432922363, -1.1929818391799927, -0.4416910556657203, 0.23320818383502817, 4.566501140594482, -2.1252806186676025,-0.041804178688192584, 0.41516706723047325, 
6.59425687789917, -0.3282116651535034, 7.526007652282715, -0.6946923732757568, 8.550729751586914, -0.999041736125946, 4.566501140594482, -2.1252806186676025, -0.041804178688192584, 0.41516706723047325, 5.199026584625244, -2.0139923095703125,0.12941365544572236, 0.24973442882014202, 
7.526007652282715, -0.6946923732757568, 8.550729751586914, -0.999041736125946, 9.72889518737793, -1.4174352884292603, 5.199026584625244, -2.0139923095703125, 0.12941365544572236, 0.24973442882014202, 5.530709266662598, -1.6198664903640747,-0.09902080786752587, 0.32194296659723115, 
8.550729751586914, -0.999041736125946, 9.72889518737793, -1.4174352884292603, 10.941232681274414, -1.707912564277649, 5.530709266662598, -1.6198664903640747, -0.09902080786752587, 0.32194296659723115, 5.485530853271484, -1.9926599264144897,0.4608219260544357, 0.3571876532268059, 
9.72889518737793, -1.4174352884292603, 10.941232681274414, -1.707912564277649, 12.213040351867676, -1.8133410215377808, 5.485530853271484, -1.9926599264144897, 0.4608219260544357, 0.3571876532268059, 5.91943883895874, -0.9564740061759949,0.3614275535886495, 0.3417251987945859, 
10.941232681274414, -1.707912564277649, 12.213040351867676, -1.8133410215377808, 13.346583366394043, -1.6903027296066284, 5.91943883895874, -0.9564740061759949, 0.3614275535886495, 0.3417251987945859, 6.335439205169678, 0.01964215189218521,1.2724019174462557, 0.21010990247483882, 
12.213040351867676, -1.8133410215377808, 13.346583366394043, -1.6903027296066284, 14.527928352355957, -1.2933813333511353, 6.335439205169678, 0.01964215189218521, 1.2724019174462557, 0.21010990247483882, 6.180861473083496, 1.1576632261276245,0.6691880036289948, 0.3550704118354225, 
13.346583366394043, -1.6903027296066284, 14.527928352355957, -1.2933813333511353, 15.556708335876465, -0.5652258396148682, 6.180861473083496, 1.1576632261276245, 0.6691880036289948, 0.3550704118354225, 5.6975884437561035, 2.5700950622558594,1.2774063667020628, 0.374862000166098, 
14.527928352355957, -1.2933813333511353, 15.556708335876465, -0.5652258396148682, 16.457258224487305, 0.4547814726829529, 5.6975884437561035, 2.5700950622558594, 1.2774063667020628, 0.374862000166098, 4.510842323303223, 4.183640480041504,-0.9648759872054378, 0.3818945100735143, 
15.556708335876465, -0.5652258396148682, 16.457258224487305, 0.4547814726829529, 17.339967727661133, 1.1830822229385376, 4.510842323303223, 4.183640480041504, -0.9648759872054378, 0.3818945100735143, 4.157503604888916, 4.563347816467285,-0.62594151204049, 0.5789234331144735, 
16.457258224487305, 0.4547814726829529, 17.339967727661133, 1.1830822229385376, 18.56047248840332, 1.8852001428604126, 4.157503604888916, 4.563347816467285, -0.62594151204049, 0.5789234331144735, 5.250442981719971, 3.9156334400177,-0.6472760430528246, 0.24744036202058695, 
17.339967727661133, 1.1830822229385376, 18.56047248840332, 1.8852001428604126, 19.872392654418945, 2.246694326400757, 5.250442981719971, 3.9156334400177, -0.6472760430528246, 0.24744036202058695, 5.874344348907471, 2.586231231689453,-0.43072743655086587, 0.34862742340755964, 
18.56047248840332, 1.8852001428604126, 19.872392654418945, 2.246694326400757, 21.19765281677246, 2.569007396697998, 5.874344348907471, 2.586231231689453, -0.43072743655086587, 0.34862742340755964, 6.624176502227783, 1.252447485923767,0.9529835370458446, 0.12262598094528368, 
19.872392654418945, 2.246694326400757, 21.19765281677246, 2.569007396697998, 22.411340713500977, 3.0880420207977295, 6.624176502227783, 1.252447485923767, 0.9529835370458446, 0.12262598094528368, 6.505604267120361, 1.8144171237945557,0.47004604395221705, 0.3853928155883529, 
21.19765281677246, 2.569007396697998, 22.411340713500977, 3.0880420207977295, 23.461427688598633, 3.7420337200164795, 6.505604267120361, 1.8144171237945557, 0.47004604395221705, 0.3853928155883529, 5.9315409660339355, 2.887977123260498,0.9919241781757605, 0.3715674404256513, 
22.411340713500977, 3.0880420207977295, 23.461427688598633, 3.7420337200164795, 24.33783721923828, 4.506714820861816, 5.9315409660339355, 2.887977123260498, 0.9919241781757605, 0.3715674404256513, 4.85335111618042, 3.737044334411621,-0.43937483370354324, 0.20960455588531574, 
0, 0, 0, 0, 0.0, 0.0, 4.85335111618042, 3.737044334411621, 0, 0, 4.131424427032471, 4.25464391708374,0, 0, 
0, 0, 0.0, 0.0, 0.002630157396197319, 0.0003601074276957661, 4.131424427032471, 4.25464391708374, 0, 0, 0.012337769381701946, -0.0063837855122983456,0.7374096331296869, 0.120839382325554, 
0.0, 0.0, 0.002630157396197319, 0.0003601074276957661, 0.06969497352838516, -0.0027819823008030653, 0.012337769381701946, -0.0063837855122983456, 0.7374096331296869, 0.120839382325554, 0.1782851368188858, 0.025823945179581642,-0.40365582356630214, 0.2430857711934159, 
0.002630157396197319, 0.0003601074276957661, 0.06969497352838516, -0.0027819823008030653, 0.2313409298658371, 0.007922363467514515, 0.1782851368188858, 0.025823945179581642, -0.40365582356630214, 0.2430857711934159, 0.4797245264053345, -0.04230426624417305,1.2073399847529585, 0.29836464303359794, 
0.06969497352838516, -0.0027819823008030653, 0.2313409298658371, 0.007922363467514515, 0.5560006499290466, 0.014796142466366291, 0.4797245264053345, -0.04230426624417305, 1.2073399847529585, 0.29836464303359794, 1.0135259628295898, 0.1388295292854309,-0.02472976102512081, 0.43909035470832236, 
0.2313409298658371, 0.007922363467514515, 0.5560006499290466, 0.014796142466366291, 0.9355230331420898, -0.031560059636831284, 1.0135259628295898, 0.1388295292854309, -0.02472976102512081, 0.43909035470832236, 1.5783305168151855, -0.002190101658925414,-0.5441262188581496, 0.5061820077039804, 
0.5560006499290466, 0.014796142466366291, 0.9355230331420898, -0.031560059636831284, 1.4110788106918335, -0.21555174887180328, 1.5783305168151855, -0.002190101658925414, -0.5441262188581496, 0.5061820077039804, 2.341270923614502, -0.4854951500892639,-1.1020674087034623, 0.203513692821426, 
0.9355230331420898, -0.031560059636831284, 1.4110788106918335, -0.21555174887180328, 1.9487062692642212, -0.4659472405910492, 2.341270923614502, -0.4854951500892639, -1.1020674087034623, 0.203513692821426, 2.44478440284729, -1.2548859119415283,-0.322677966310266, 0.16237877031500444, 
1.4110788106918335, -0.21555174887180328, 1.9487062692642212, -0.4659472405910492, 2.605095148086548, -0.6289172172546387, 2.44478440284729, -1.2548859119415283, -0.322677966310266, 0.16237877031500444, 2.979970693588257, -1.2723746299743652,0.2453704427585284, 0.4485370662910335, 
1.9487062692642212, -0.4659472405910492, 2.605095148086548, -0.6289172172546387, 3.485879421234131, -0.90846186876297, 2.979970693588257, -1.2723746299743652, 0.2453704427585284, 0.4485370662910335, 3.64715838432312, -0.7594200968742371,-0.21215840328297597, 0.37274082172148937, 
2.605095148086548, -0.6289172172546387, 3.485879421234131, -0.90846186876297, 4.351858615875244, -1.1101598739624023, 3.64715838432312, -0.7594200968742371, -0.21215840328297597, 0.37274082172148937, 4.124157905578613, -1.489352822303772,0.4747354391740194, 0.1821339373287299, 
3.485879421234131, -0.90846186876297, 4.351858615875244, -1.1101598739624023, 5.21855354309082, -1.141426920890808, 4.124157905578613, -1.489352822303772, 0.4747354391740194, 0.1821339373287299, 4.5315704345703125, -0.7031866312026978,0.5902264908818342, 0.2054387031563243, 
4.351858615875244, -1.1101598739624023, 5.21855354309082, -1.141426920890808, 6.2484259605407715, -1.1794030666351318, 4.5315704345703125, -0.7031866312026978, 0.5902264908818342, 0.2054387031563243, 4.518732070922852, 0.2165842056274414,-0.5572138641749361, 0.42968368165573056, 
5.21855354309082, -1.141426920890808, 6.2484259605407715, -1.1794030666351318, 7.226809978485107, -1.2040905952453613, 4.518732070922852, 0.2165842056274414, -0.5572138641749361, 0.42968368165573056, 5.023740768432617, -0.5210651755332947,0.3021223401946065, 0.23788292022175783, 
6.2484259605407715, -1.1794030666351318, 7.226809978485107, -1.2040905952453613, 8.297773361206055, -0.9978234767913818, 5.023740768432617, -0.5210651755332947, 0.3021223401946065, 0.23788292022175783, 5.30867338180542, 0.21459956467151642,0.5557634745793576, 0.20620265903753177, 
7.226809978485107, -1.2040905952453613, 8.297773361206055, -0.9978234767913818, 9.323165893554688, -0.6813281178474426, 5.30867338180542, 0.21459956467151642, 0.5557634745793576, 0.20620265903753177, 4.934453010559082, 1.225601077079773,0.30039110976790734, 0.2230380578043035, 
8.297773361206055, -0.9978234767913818, 9.323165893554688, -0.6813281178474426, 10.275080680847168, -0.4403430223464966, 4.934453010559082, 1.225601077079773, 0.30039110976790734, 0.2230380578043035, 4.802838325500488, 1.8584085702896118,-1.0410881400747813, 0.3116260973774666, 
9.323165893554688, -0.6813281178474426, 10.275080680847168, -0.4403430223464966, 11.365885734558105, -0.13892821967601776, 4.802838325500488, 1.8584085702896118, -1.0410881400747813, 0.3116260973774666, 5.297472953796387, 1.0572303533554077,1.8298441494045405, 0.25085040076949267, 
10.275080680847168, -0.4403430223464966, 11.365885734558105, -0.13892821967601776, 12.449423789978027, 0.2460961788892746, 5.297472953796387, 1.0572303533554077, 1.8298441494045405, 0.25085040076949267, 5.245442867279053, 1.8881855010986328,0.09282111475013607, 0.17885655854429805, 
11.365885734558105, -0.13892821967601776, 12.449423789978027, 0.2460961788892746, 13.360214233398438, 0.6965710520744324, 5.245442867279053, 1.8881855010986328, 0.09282111475013607, 0.17885655854429805, 5.339467525482178, 1.8934568166732788,1.36984978006874, 0.4777384088349756, 
12.449423789978027, 0.2460961788892746, 13.360214233398438, 0.6965710520744324, 14.290772438049316, 1.3991734981536865, 5.339467525482178, 1.8934568166732788, 1.36984978006874, 0.4777384088349756, 4.932516574859619, 2.7900490760803223,1.2392712137599613, 0.4059369680691762, 
13.360214233398438, 0.6965710520744324, 14.290772438049316, 1.3991734981536865, 14.922403335571289, 2.242601156234741, 4.932516574859619, 2.7900490760803223, 1.2392712137599613, 0.4059369680691762, 3.698383331298828, 3.8635878562927246,0.4624674938556247, 0.3471022669803343, 
14.290772438049316, 1.3991734981536865, 14.922403335571289, 2.242601156234741, 15.586907386779785, 3.249798536300659, 3.698383331298828, 3.8635878562927246, 0.4624674938556247, 0.3471022669803343, 3.3653335571289062, 4.775326728820801,0.3918735880336305, 0.45749999799785024, 
14.922403335571289, 2.242601156234741, 15.586907386779785, 3.249798536300659, 16.035987854003906, 4.409927845001221, 3.3653335571289062, 4.775326728820801, 0.3918735880336305, 0.45749999799785024, 2.9992830753326416, 5.306225299835205,1.1342384840961806, 0.36916767115589044, 
0, 0, 0, 0, 0.0, 0.0, 2.9992830753326416, 5.306225299835205, 0, 0, 1.197769284248352, 5.587752342224121,0, 0, 
0, 0, 0.0, 0.0, 0.0056118774227797985, -0.014935302548110485, 1.197769284248352, 5.587752342224121, 0, 0, -0.04085080698132515, -0.08361933380365372,0.4966702642223103, 0.3250740170827299, 
0.0, 0.0, 0.0056118774227797985, -0.014935302548110485, 0.13455428183078766, 0.027974853292107582, -0.04085080698132515, -0.08361933380365372, 0.4966702642223103, 0.3250740170827299, 0.2116350680589676, 0.04653089493513107,2.4311663139655106, 0.3087791715942255, 
0.0056118774227797985, -0.014935302548110485, 0.13455428183078766, 0.027974853292107582, 0.34885114431381226, 0.09175048768520355, 0.2116350680589676, 0.04653089493513107, 2.4311663139655106, 0.3087791715942255, 0.7697307467460632, 0.29158467054367065,0.46265468104981844, 0.2570847200292868, 
0.13455428183078766, 0.027974853292107582, 0.34885114431381226, 0.09175048768520355, 0.6595410108566284, 0.2315686047077179, 0.7697307467460632, 0.29158467054367065, 0.46265468104981844, 0.2570847200292868, 1.2966370582580566, 0.34695592522621155,0.8206767642528374, 0.394137875366664, 
0.34885114431381226, 0.09175048768520355, 0.6595410108566284, 0.2315686047077179, 1.0199700593948364, 0.4880090355873108, 1.2966370582580566, 0.34695592522621155, 0.8206767642528374, 0.394137875366664, 1.7957545518875122, 0.9129586815834045,1.21991872871104, 0.32196833752225534, 
0.6595410108566284, 0.2315686047077179, 1.0199700593948364, 0.4880090355873108, 1.5099481344223022, 0.8501830697059631, 1.7957545518875122, 0.9129586815834045, 1.21991872871104, 0.32196833752225534, 1.8786301612854004, 1.5897412300109863,0.4902466038334058, 0.33680858909037376, 
1.0199700593948364, 0.4880090355873108, 1.5099481344223022, 0.8501830697059631, 2.005397081375122, 1.3509032726287842, 1.8786301612854004, 1.5897412300109863, 0.4902466038334058, 0.33680858909037376, 2.6114277839660645, 1.9484350681304932,1.408988098995901, 0.27763518840037493, 
1.5099481344223022, 0.8501830697059631, 2.005397081375122, 1.3509032726287842, 2.342958688735962, 1.9753210544586182, 2.6114277839660645, 1.9484350681304932, 1.408988098995901, 0.27763518840037493, 2.147372007369995, 2.6504127979278564,1.9884368699442179, 0.10578372930163141, 
2.005397081375122, 1.3509032726287842, 2.342958688735962, 1.9753210544586182, 2.510180950164795, 2.581641674041748, 2.147372007369995, 2.6504127979278564, 1.9884368699442179, 0.10578372930163141, 1.3600629568099976, 3.2427382469177246,1.5366473825586162, 0.15544429963541595, 
2.342958688735962, 1.9753210544586182, 2.510180950164795, 2.581641674041748, 2.7261769771575928, 3.4384777545928955, 1.3600629568099976, 3.2427382469177246, 1.5366473825586162, 0.15544429963541595, 0.6205477714538574, 3.5403928756713867,0.11300944106916988, 0.48262247608619746, 
2.510180950164795, 2.581641674041748, 2.7261769771575928, 3.4384777545928955, 2.992696523666382, 4.3531494140625, 0.6205477714538574, 3.5403928756713867, 0.11300944106916988, 0.48262247608619746, 1.2702325582504272, 4.221495628356934,0.14290815538777485, 0.31623992897496966, 
2.7261769771575928, 3.4384777545928955, 2.992696523666382, 4.3531494140625, 3.1081511974334717, 5.195999622344971, 1.2702325582504272, 4.221495628356934, 0.14290815538777485, 0.31623992897496966, 1.2950198650360107, 4.824086666107178,1.2564359426039913, 0.3277541746374489, 
2.992696523666382, 4.3531494140625, 3.1081511974334717, 5.195999622344971, 3.1927871704101562, 6.242105007171631, 1.2950198650360107, 4.824086666107178, 1.2564359426039913, 0.3277541746374489, 0.4001593589782715, 5.052381992340088,0.19835807069748473, 0.22428761249422352, 
3.1081511974334717, 5.195999622344971, 3.1927871704101562, 6.242105007171631, 3.2481722831726074, 7.111133098602295, 0.4001593589782715, 5.052381992340088, 0.19835807069748473, 0.22428761249422352, 0.2590327262878418, 5.396061897277832,0.07510608693948506, 0.25633353122618335, 
3.1927871704101562, 6.242105007171631, 3.2481722831726074, 7.111133098602295, 3.4226019382476807, 8.13162612915039, 0.2590327262878418, 5.396061897277832, 0.07510608693948506, 0.25633353122618335, 0.22660690546035767, 5.05664587020874,-0.2415073086497228, 0.4515904808567087, 
3.2481722831726074, 7.111133098602295, 3.4226019382476807, 8.13162612915039, 3.675882577896118, 8.94599437713623, 0.22660690546035767, 5.05664587020874, -0.2415073086497228, 0.4515904808567087, 0.9145314693450928, 5.12785530090332,-0.6261299022933415, 0.3939036151963345, 
3.4226019382476807, 8.13162612915039, 3.675882577896118, 8.94599437713623, 4.120193004608154, 9.93734073638916, 0.9145314693450928, 5.12785530090332, -0.6261299022933415, 0.3939036151963345, 1.7514567375183105, 4.815315246582031,-0.23523898376415853, 0.32254161301279133, 
3.675882577896118, 8.94599437713623, 4.120193004608154, 9.93734073638916, 4.691978454589844, 11.126906394958496, 1.7514567375183105, 4.815315246582031, -0.23523898376415853, 0.32254161301279133, 2.3402926921844482, 5.234660625457764,-0.16976225828876512, 0.40081615792657865, 
4.120193004608154, 9.93734073638916, 4.691978454589844, 11.126906394958496, 5.312070369720459, 12.033617973327637, 2.3402926921844482, 5.234660625457764, -0.16976225828876512, 0.40081615792657865, 2.8671669960021973, 5.249397277832031,-0.49023156629987064, 0.14415989840029345, 
4.691978454589844, 11.126906394958496, 5.312070369720459, 12.033617973327637, 6.110342502593994, 12.98427677154541, 2.8671669960021973, 5.249397277832031, -0.49023156629987064, 0.14415989840029345, 3.5513360500335693, 4.54010534286499,-0.09725700795667092, 0.36156890077919324, 
0, 0, 0, 0, 0.0, 0.0, 3.5513360500335693, 4.54010534286499, 0, 0, 3.8563756942749023, 4.579535961151123,0, 0, 
0, 0, 0.0, 0.0, -0.21551452577114105, 0.12344726175069809, 3.8563756942749023, 4.579535961151123, 0, 0, -1.2571008205413818, 1.1154059171676636,0.043890885021720505, 0.2798759808025161, 
0.0, 0.0, -0.21551452577114105, 0.12344726175069809, -0.3529415726661682, 0.2342504858970642, -1.2571008205413818, 1.1154059171676636, 0.043890885021720505, 0.2798759808025161, -1.0818458795547485, 0.957009494304657,0.7374657971417706, 0.3776666221090379, 
-0.21551452577114105, 0.12344726175069809, -0.3529415726661682, 0.2342504858970642, -0.40370437502861023, 0.31703490018844604, -1.0818458795547485, 0.957009494304657, 0.7374657971417706, 0.3776666221090379, -0.30456113815307617, 0.15794314444065094,0.943185882005751, 0.2940427249911918, 
-0.3529415726661682, 0.2342504858970642, -0.40370437502861023, 0.31703490018844604, -0.3125555217266083, 0.3842822313308716, -0.30456113815307617, 0.15794314444065094, 0.943185882005751, 0.2940427249911918, -0.024997366592288017, -0.09028580784797668,0.10571762611586322, 0.49644730912703294, 
-0.40370437502861023, 0.31703490018844604, -0.3125555217266083, 0.3842822313308716, -0.10175338387489319, 0.45015501976013184, -0.024997366592288017, -0.09028580784797668, 0.10571762611586322, 0.49644730912703294, 0.8246672749519348, 0.2607356905937195,-0.25822928662062283, 0.23177332622002225, 
-0.3125555217266083, 0.3842822313308716, -0.10175338387489319, 0.45015501976013184, 0.2854263186454773, 0.6650304794311523, 0.8246672749519348, 0.2607356905937195, -0.25822928662062283, 0.23177332622002225, 1.4307911396026611, 0.5951980352401733,1.292984312864513, 0.3640177165214195, 
-0.10175338387489319, 0.45015501976013184, 0.2854263186454773, 0.6650304794311523, 0.6454042196273804, 1.0034741163253784, 1.4307911396026611, 0.5951980352401733, 1.292984312864513, 0.3640177165214195, 2.058302402496338, 1.3712693452835083,1.3837981532897095, 0.2689502213559697, 
0.2854263186454773, 0.6650304794311523, 0.6454042196273804, 1.0034741163253784, 1.0989006757736206, 1.4841455221176147, 2.058302402496338, 1.3712693452835083, 1.3837981532897095, 0.2689502213559697, 1.8832234144210815, 2.0412330627441406,0.4095372809423179, 0.4322778524653531, 
0.6454042196273804, 1.0034741163253784, 1.0989006757736206, 1.4841455221176147, 1.6369775533676147, 2.0948266983032227, 1.8832234144210815, 2.0412330627441406, 0.4095372809423179, 0.4322778524653531, 2.378034830093384, 2.613577127456665,0.3148721619381433, 0.10508278718496136, 
1.0989006757736206, 1.4841455221176147, 1.6369775533676147, 2.0948266983032227, 2.0997226238250732, 2.6238842010498047, 2.378034830093384, 2.613577127456665, 0.3148721619381433, 0.10508278718496136, 2.449775218963623, 2.9684317111968994,0.12540800049464465, 0.2274636052969845, 
1.6369775533676147, 2.0948266983032227, 2.0997226238250732, 2.6238842010498047, 2.758563756942749, 3.240480899810791, 2.449775218963623, 2.9684317111968994, 0.12540800049464465, 0.2274636052969845, 2.6368911266326904, 3.1231913566589355,-0.2356180836438463, 0.4008554886214958, 
2.0997226238250732, 2.6238842010498047, 2.758563756942749, 3.240480899810791, 3.4523556232452393, 3.9221982955932617, 2.6368911266326904, 3.1231913566589355, -0.2356180836438463, 0.4008554886214958, 3.3024632930755615, 2.860431671142578,0.09838998080043374, 0.372180979239411, 
2.758563756942749, 3.240480899810791, 3.4523556232452393, 3.9221982955932617, 4.1230669021606445, 4.710578441619873, 3.3024632930755615, 2.860431671142578, 0.09838998080043374, 0.372180979239411, 3.463636636734009, 3.514683961868286,0.37165992703983425, 0.04778825486237476, 
0, 0, 0, 0, 0.0, 0.0, 3.463636636734009, 3.514683961868286, 0, 0, 2.8983545303344727, 4.017139434814453,0, 0, 
0, 0, 0.0, 0.0, -0.009421996772289276, -0.005903320387005806, 2.8983545303344727, 4.017139434814453, 0, 0, -0.043592002242803574, -0.04002809897065163,1.6327156082366363, 0.1727128811542195, 
0.0, 0.0, -0.009421996772289276, -0.005903320387005806, 0.04803405702114105, 0.015126952901482582, -0.043592002242803574, -0.04002809897065163, 1.6327156082366363, 0.1727128811542195, 0.06294338405132294, 0.033214252442121506,1.1779326165324813, 0.32273880755507034, 
-0.009421996772289276, -0.005903320387005806, 0.04803405702114105, 0.015126952901482582, 0.21640440821647644, 0.049260251224040985, 0.06294338405132294, 0.033214252442121506, 1.1779326165324813, 0.32273880755507034, 0.4554942548274994, 0.18176767230033875,-0.5477766378970119, 0.2802322840507434, 
0.04803405702114105, 0.015126952901482582, 0.21640440821647644, 0.049260251224040985, 0.4769967496395111, 0.08205444365739822, 0.4554942548274994, 0.18176767230033875, -0.5477766378970119, 0.2802322840507434, 1.0563212633132935, 0.09400109946727753,0.19162536667827584, 0.2557032946756287, 
0.21640440821647644, 0.049260251224040985, 0.4769967496395111, 0.08205444365739822, 0.8217214941978455, 0.14415405690670013, 1.0563212633132935, 0.09400109946727753, 0.19162536667827584, 0.2557032946756287, 1.4861712455749512, 0.23370464146137238,0.24408239842435064, 0.4009372895848587, 
0.4769967496395111, 0.08205444365739822, 0.8217214941978455, 0.14415405690670013, 1.2845486402511597, 0.21799559891223907, 1.4861712455749512, 0.23370464146137238, 0.24408239842435064, 0.4009372895848587, 2.0513253211975098, 0.39317893981933594,0.12256900925468367, 0.06318650448577576, 
0.8217214941978455, 0.14415405690670013, 1.2845486402511597, 0.21799559891223907, 1.878005027770996, 0.22227661311626434, 2.0513253211975098, 0.39317893981933594, 0.12256900925468367, 0.06318650448577576, 2.365326404571533, 0.3885665535926819,-0.6262850096749789, 0.4716234194545438, 
1.2845486402511597, 0.21799559891223907, 1.878005027770996, 0.22227661311626434, 2.514176845550537, 0.19281981885433197, 2.365326404571533, 0.3885665535926819, -0.6262850096749789, 0.4716234194545438, 2.855499505996704, -0.2081013321876526,-0.16063721277086407, 0.28645150213941406, 
1.878005027770996, 0.22227661311626434, 2.514176845550537, 0.19281981885433197, 3.2354953289031982, 0.26607176661491394, 2.855499505996704, -0.2081013321876526, -0.16063721277086407, 0.28645150213941406, 3.5284481048583984, -0.18432408571243286,0.3503648017057109, 0.2675962716251047, 
2.514176845550537, 0.19281981885433197, 3.2354953289031982, 0.26607176661491394, 4.020002365112305, 0.30558836460113525, 3.5284481048583984, -0.18432408571243286, 0.3503648017057109, 0.2675962716251047, 3.823958158493042, 0.5632781386375427,-0.6780240446621024, 0.32002191116440515, 
3.2354953289031982, 0.26607176661491394, 4.020002365112305, 0.30558836460113525, 4.884909152984619, 0.32228270173072815, 3.823958158493042, 0.5632781386375427, -0.6780240446621024, 0.32002191116440515, 4.202727794647217, -0.08212713152170181,0.008081104238827852, 0.22011349439879968, 
4.020002365112305, 0.30558836460113525, 4.884909152984619, 0.32228270173072815, 5.905842304229736, 0.21989744901657104, 4.202727794647217, -0.08212713152170181, 0.008081104238827852, 0.22011349439879968, 4.573540687561035, 0.19140776991844177,-0.45388682096779986, 0.20559755354731912, 
4.884909152984619, 0.32228270173072815, 5.905842304229736, 0.21989744901657104, 6.814551830291748, 0.1319006383419037, 4.573540687561035, 0.19140776991844177, -0.45388682096779986, 0.20559755354731912, 4.5808258056640625, -0.7575294375419617,0.9631250422844465, 0.34802673737520545, 
5.905842304229736, 0.21989744901657104, 6.814551830291748, 0.1319006383419037, 7.782503604888916, 0.17432616651058197, 4.5808258056640625, -0.7575294375419617, 0.9631250422844465, 0.34802673737520545, 4.898754596710205, -0.18619152903556824,0.2618686659769133, 0.0853585900748258, 
6.814551830291748, 0.1319006383419037, 7.782503604888916, 0.17432616651058197, 8.822674751281738, 0.40191650390625, 4.898754596710205, -0.18619152903556824, 0.2618686659769133, 0.0853585900748258, 5.113032817840576, 0.29576584696769714,1.245716328693617, 0.12314176137944763, 
7.782503604888916, 0.17432616651058197, 8.822674751281738, 0.40191650390625, 9.658337593078613, 0.7691625952720642, 5.113032817840576, 0.29576584696769714, 1.245716328693617, 0.12314176137944763, 4.563323020935059, 1.6495715379714966,0.42129186257172757, 0.10195944408716359, 
8.822674751281738, 0.40191650390625, 9.658337593078613, 0.7691625952720642, 10.657978057861328, 1.1078600883483887, 4.563323020935059, 1.6495715379714966, 0.42129186257172757, 0.10195944408716359, 4.440305233001709, 2.160898208618164,-1.1876882170778171, 0.3048462560929288, 
9.658337593078613, 0.7691625952720642, 10.657978057861328, 1.1078600883483887, 11.7230806350708, 1.2343188524246216, 4.440305233001709, 2.160898208618164, -1.1876882170778171, 0.3048462560929288, 4.826197624206543, 1.2878509759902954,-0.5791498951809582, 0.37468216899740436, 
10.657978057861328, 1.1078600883483887, 11.7230806350708, 1.2343188524246216, 12.7911376953125, 1.1292601823806763, 4.826197624206543, 1.2878509759902954, -0.5791498951809582, 0.37468216899740436, 5.118208408355713, 0.23234383761882782,-0.5501076104628005, 0.3927230517189176, 
11.7230806350708, 1.2343188524246216, 12.7911376953125, 1.1292601823806763, 13.706741333007812, 0.8204736113548279, 5.118208408355713, 0.23234383761882782, -0.5501076104628005, 0.3927230517189176, 5.358182907104492, -1.0399806499481201,-1.7085930192911316, 0.3317871267328306, 
12.7911376953125, 1.1292601823806763, 13.706741333007812, 0.8204736113548279, 14.723875045776367, 0.3028576672077179, 5.358182907104492, -1.0399806499481201, -1.7085930192911316, 0.3317871267328306, 4.953707695007324, -2.226972818374634,0.7839637728157083, 0.3668359465562698, 
13.706741333007812, 0.8204736113548279, 14.723875045776367, 0.3028576672077179, 15.913483619689941, -0.08383788913488388, 4.953707695007324, -2.226972818374634, 0.7839637728157083, 0.3668359465562698, 5.430795192718506, -2.5865800380706787,0.4896407637783139, 0.3192236120912735, 
14.723875045776367, 0.3028576672077179, 15.913483619689941, -0.08383788913488388, 17.153661727905273, -0.2804797291755676, 5.430795192718506, -2.5865800380706787, 0.4896407637783139, 0.3192236120912735, 6.074268817901611, -1.5875661373138428,0.4611823517164162, 0.08698843318095892, 
15.913483619689941, -0.08383788913488388, 17.153661727905273, -0.2804797291755676, 18.396163940429688, -0.3497326672077179, 6.074268817901611, -1.5875661373138428, 0.4611823517164162, 0.08698843318095892, 6.272103309631348, -0.30681154131889343,0.03149008762414224, 0.17909232247004764, 
17.153661727905273, -0.2804797291755676, 18.396163940429688, -0.3497326672077179, 19.7679443359375, -0.2980334460735321, 6.272103309631348, -0.30681154131889343, 0.03149008762414224, 0.17909232247004764, 6.128864765167236, -0.29596370458602905,1.0608306172566082, 0.34413467865402925, 
18.396163940429688, -0.3497326672077179, 19.7679443359375, -0.2980334460735321, 20.965288162231445, -0.16234618425369263, 6.128864765167236, -0.29596370458602905, 1.0608306172566082, 0.34413467865402925, 6.144597053527832, 0.7261272072792053,-0.43283250439325605, 0.29817537722923043, 
19.7679443359375, -0.2980334460735321, 20.965288162231445, -0.16234618425369263, 22.332197189331055, 0.051835935562849045, 6.144597053527832, 0.7261272072792053, -0.43283250439325605, 0.29817537722923043, 6.242868423461914, 0.458805650472641,0.5978499418305379, 0.263704044422962, 
20.965288162231445, -0.16234618425369263, 22.332197189331055, 0.051835935562849045, 23.44868278503418, 0.5105016827583313, 6.242868423461914, 0.458805650472641, 0.5978499418305379, 0.263704044422962, 6.50356388092041, 1.5988966226577759,0.8340899169325776, 0.2841613066834307, 
22.332197189331055, 0.051835935562849045, 23.44868278503418, 0.5105016827583313, 24.57195472717285, 1.2173510789871216, 6.50356388092041, 1.5988966226577759, 0.8340899169325776, 0.2841613066834307, 5.85867977142334, 2.8162214756011963,0.463800687126087, 0.3406504390948368, 
23.44868278503418, 0.5105016827583313, 24.57195472717285, 1.2173510789871216, 25.51796531677246, 2.183708429336548, 5.85867977142334, 2.8162214756011963, 0.463800687126087, 0.3406504390948368, 4.890142917633057, 4.1773362159729,0.35979437792591423, 0.3528075796214835, 
24.57195472717285, 1.2173510789871216, 25.51796531677246, 2.183708429336548, 26.60783576965332, 3.250981330871582, 4.890142917633057, 4.1773362159729, 0.35979437792591423, 0.3528075796214835, 4.620296478271484, 5.2580246925354,-0.8280200016532686, 0.36707737238440385, 
25.51796531677246, 2.183708429336548, 26.60783576965332, 3.250981330871582, 27.695878982543945, 4.402462005615234, 4.620296478271484, 5.2580246925354, -0.8280200016532686, 0.36707737238440385, 5.547371864318848, 4.868828773498535,1.2488873087815577, 0.45072455470765044, 
0, 0, 0, 0, 0.0, 0.0, 5.547371864318848, 4.868828773498535, 0, 0, 4.904881000518799, 5.90058708190918,0, 0, 
0, 0, 0.0, 0.0, -0.03807083144783974, -0.04273437336087227, 4.904881000518799, 5.90058708190918, 0, 0, -0.23007003962993622, -0.14407895505428314,1.7547119115805463, 0.36219544689209604, 
0.0, 0.0, -0.03807083144783974, -0.04273437336087227, 0.006636352278292179, -0.03327636793255806, -0.23007003962993622, -0.14407895505428314, 1.7547119115805463, 0.36219544689209604, -0.1630634069442749, -0.05470381677150726,-0.49685814515768767, 0.04736806287083972, 
-0.03807083144783974, -0.04273437336087227, 0.006636352278292179, -0.03327636793255806, 0.12318237125873566, -0.02203979529440403, -0.1630634069442749, -0.05470381677150726, -0.49685814515768767, 0.04736806287083972, 0.27754124999046326, -0.08505723625421524,1.2532506401926755, 0.460645221554699, 
0.006636352278292179, -0.03327636793255806, 0.12318237125873566, -0.02203979529440403, 0.3954281508922577, 0.07187499850988388, 0.27754124999046326, -0.08505723625421524, 1.2532506401926755, 0.460645221554699, 1.0179704427719116, 0.15852977335453033,1.7814539535321225, 0.4101997161796892, 
0.12318237125873566, -0.02203979529440403, 0.3954281508922577, 0.07187499850988388, 0.7842669486999512, 0.3143591284751892, 1.0179704427719116, 0.15852977335453033, 1.7814539535321225, 0.4101997161796892, 1.5850502252578735, 0.7828819751739502,1.1781624981211387, 0.3460614630277929, 
0.3954281508922577, 0.07187499850988388, 0.7842669486999512, 0.3143591284751892, 1.2007131576538086, 0.5484973192214966, 1.5850502252578735, 0.7828819751739502, 1.1781624981211387, 0.3460614630277929, 1.8486906290054321, 1.3733477592468262,-0.1588545948281903, 0.3024077493253222, 
0.7842669486999512, 0.3143591284751892, 1.2007131576538086, 0.5484973192214966, 1.7726430892944336, 0.8819018602371216, 1.8486906290054321, 1.3733477592468262, -0.1588545948281903, 0.3024077493253222, 2.6827943325042725, 1.260369896888733,0.930607110725785, 0.2115001017970929, 
1.2007131576538086, 0.5484973192214966, 1.7726430892944336, 0.8819018602371216, 2.4302475452423096, 1.2448253631591797, 2.6827943325042725, 1.260369896888733, 0.930607110725785, 0.2115001017970929, 2.6732161045074463, 1.9094468355178833,-0.7222503239353868, 0.3707551093661693, 
1.7726430892944336, 0.8819018602371216, 2.4302475452423096, 1.2448253631591797, 3.2023942470550537, 1.5459911823272705, 2.6732161045074463, 1.9094468355178833, -0.7222503239353868, 0.3707551093661693, 3.4599521160125732, 1.5132209062576294,-0.1912581579318009, 0.1313539899675652, 
2.4302475452423096, 1.2448253631591797, 3.2023942470550537, 1.5459911823272705, 3.961381673812866, 1.9410144090652466, 3.4599521160125732, 1.5132209062576294, -0.1912581579318009, 0.1313539899675652, 3.7736217975616455, 1.3419926166534424,0.944385994784799, 0.36915026267540096, 
3.2023942470550537, 1.5459911823272705, 3.961381673812866, 1.9410144090652466, 4.6020731925964355, 2.348956346511841, 3.7736217975616455, 1.3419926166534424, 0.944385994784799, 0.36915026267540096, 3.6503756046295166, 2.180044412612915,0.19243365895414147, 0.16969051178284345, 
3.961381673812866, 1.9410144090652466, 4.6020731925964355, 2.348956346511841, 5.306980609893799, 2.988067626953125, 3.6503756046295166, 2.180044412612915, 0.19243365895414147, 0.16969051178284345, 3.780165910720825, 2.520902156829834,0.5801393603328904, 0.44422638921013163, 
0, 0, 0, 0, 0.0, 0.0, 3.780165910720825, 2.520902156829834, 0, 0, 3.401005983352661, 3.488816499710083,0, 0, 
0, 0, 0.0, 0.0, -0.0013415527064353228, -0.0036804198753088713, 3.401005983352661, 3.488816499710083, 0, 0, 0.005771430674940348, -0.01941266469657421,0.43232841227401264, 0.2789680361640732, 
0.0, 0.0, -0.0013415527064353228, -0.0036804198753088713, 0.1409161388874054, 0.008885498158633709, 0.005771430674940348, -0.01941266469657421, 0.43232841227401264, 0.2789680361640732, 0.005761212669312954, -0.019378293305635452,0.18878336458836503, 0.35774095710124026, 
-0.0013415527064353228, -0.0036804198753088713, 0.1409161388874054, 0.008885498158633709, 0.3503248393535614, 0.054851073771715164, 0.005761212669312954, -0.019378293305635452, 0.18878336458836503, 0.35774095710124026, 0.8401609063148499, 0.08173055201768875,0.7444599719589962, 0.18434896057829023, 
0.1409161388874054, 0.008885498158633709, 0.3503248393535614, 0.054851073771715164, 0.6313291788101196, 0.11501220613718033, 0.8401609063148499, 0.08173055201768875, 0.7444599719589962, 0.18434896057829023, 1.1148945093154907, 0.3420504033565521,0.19600350915234993, 0.4338754023496963, 
0.3503248393535614, 0.054851073771715164, 0.6313291788101196, 0.11501220613718033, 1.0099362134933472, 0.2271105945110321, 1.1148945093154907, 0.3420504033565521, 0.19600350915234993, 0.4338754023496963, 1.5986450910568237, 0.2724703848361969,0.602736877321199, 0.15629057119991388, 
0.6313291788101196, 0.11501220613718033, 1.0099362134933472, 0.2271105945110321, 1.4524309635162354, 0.4229699671268463, 1.5986450910568237, 0.2724703848361969, 0.602736877321199, 0.15629057119991388, 2.063802719116211, 0.7506208419799805,0.5628709203300448, 0.4197838972444086, 
1.0099362134933472, 0.2271105945110321, 1.4524309635162354, 0.4229699671268463, 2.0522148609161377, 0.6068761944770813, 2.063802719116211, 0.7506208419799805, 0.5628709203300448, 0.4197838972444086, 2.4760847091674805, 1.165238380432129,-0.4257182825722463, 0.2655472605159099, 
1.4524309635162354, 0.4229699671268463, 2.0522148609161377, 0.6068761944770813, 2.714327335357666, 0.8381445407867432, 2.4760847091674805, 1.165238380432129, -0.4257182825722463, 0.2655472605159099, 3.2065722942352295, 0.7311714887619019,1.737817136039536, 0.25899181450329584, 
2.0522148609161377, 0.6068761944770813, 2.714327335357666, 0.8381445407867432, 3.4746718406677246, 1.083734154701233, 3.2065722942352295, 0.7311714887619019, 1.737817136039536, 0.25899181450329584, 3.321218252182007, 1.458694577217102,-0.1660093549215289, 0.3655093058751431, 
2.714327335357666, 0.8381445407867432, 3.4746718406677246, 1.083734154701233, 4.327573299407959, 1.2284338474273682, 3.321218252182007, 1.458694577217102, -0.1660093549215289, 0.3655093058751431, 3.996015787124634, 1.068252444267273,-0.3062944655636114, 0.2904884631497692, 
3.4746718406677246, 1.083734154701233, 4.327573299407959, 1.2284338474273682, 5.201935291290283, 1.45486319065094, 3.996015787124634, 1.068252444267273, -0.3062944655636114, 0.2904884631497692, 4.34454870223999, 0.5791360139846802,1.0452774489552312, 0.41514348617497765, 
4.327573299407959, 1.2284338474273682, 5.201935291290283, 1.45486319065094, 6.093666076660156, 1.8470629453659058, 4.34454870223999, 0.5791360139846802, 1.0452774489552312, 0.41514348617497765, 4.598769664764404, 1.5039820671081543,0.4008636983764376, 0.3033423051608555, 
5.201935291290283, 1.45486319065094, 6.093666076660156, 1.8470629453659058, 6.998629093170166, 2.3985021114349365, 4.598769664764404, 1.5039820671081543, 0.4008636983764376, 0.3033423051608555, 4.433801651000977, 2.228147029876709,0.3387296666688581, 0.5401906510586381, 
6.093666076660156, 1.8470629453659058, 6.998629093170166, 2.3985021114349365, 7.833847522735596, 3.1850781440734863, 4.433801651000977, 2.228147029876709, 0.3387296666688581, 0.5401906510586381, 4.633915901184082, 3.10608172416687,1.778158466778492, 0.12604026438465676, 
6.998629093170166, 2.3985021114349365, 7.833847522735596, 3.1850781440734863, 8.619787216186523, 3.9946775436401367, 4.633915901184082, 3.10608172416687, 1.778158466778492, 0.12604026438465676, 3.624814987182617, 4.036172389984131,-0.2609307339457604, 0.26784973350847785, 
0, 0, 0, 0, 0.0, 0.0, 3.624814987182617, 4.036172389984131, 0, 0, 3.7902281284332275, 3.985283136367798,0, 0, 
0, 0, 0.0, 0.0, 0.0068888855166733265, 0.0013500975910574198, 3.7902281284332275, 3.985283136367798, 0, 0, 0.00469775078818202, -0.0029556804802268744,0.6670019508534432, 0.4620729690252996, 
0.0, 0.0, 0.0068888855166733265, 0.0013500975910574198, 0.17639663815498352, 0.0607922337949276, 0.00469775078818202, -0.0029556804802268744, 0.6670019508534432, 0.4620729690252996, 0.26807552576065063, 0.07891690731048584,0.8087040520354571, 0.11780958531325511, 
0.0068888855166733265, 0.0013500975910574198, 0.17639663815498352, 0.0607922337949276, 0.40155455470085144, 0.18699707090854645, 0.26807552576065063, 0.07891690731048584, 0.8087040520354571, 0.11780958531325511, 0.8890666961669922, 0.3294767737388611,1.2487061360281906, 0.4174345307182009, 
0.17639663815498352, 0.0607922337949276, 0.40155455470085144, 0.18699707090854645, 0.7577621340751648, 0.32740843296051025, 0.8890666961669922, 0.3294767737388611, 1.2487061360281906, 0.4174345307182009, 1.3242896795272827, 0.7913256883621216,-0.3077498883366506, 0.398593988125525, 
0.40155455470085144, 0.18699707090854645, 0.7577621340751648, 0.32740843296051025, 1.2302709817886353, 0.49608030915260315, 1.3242896795272827, 0.7913256883621216, -0.3077498883366506, 0.398593988125525, 2.2407708168029785, 0.6458956599235535,0.663008918718492, 0.24651979623292736, 
0.7577621340751648, 0.32740843296051025, 1.2302709817886353, 0.49608030915260315, 1.7960238456726074, 0.6829662919044495, 2.2407708168029785, 0.6458956599235535, 0.663008918718492, 0.24651979623292736, 2.5220963954925537, 1.0517559051513672,-0.011010653567273543, 0.18715815628669877, 
1.2302709817886353, 0.49608030915260315, 1.7960238456726074, 0.6829662919044495, 2.4120430946350098, 0.9669653177261353, 2.5220963954925537, 1.0517559051513672, -0.011010653567273543, 0.18715815628669877, 2.98254132270813, 0.8894817233085632,0.5205767347365, 0.3550200713620416, 
1.7960238456726074, 0.6829662919044495, 2.4120430946350098, 0.9669653177261353, 2.950047731399536, 1.3124157190322876, 2.98254132270813, 0.8894817233085632, 0.5205767347365, 0.3550200713620416, 3.0161867141723633, 1.6454658508300781,0.45107800242166396, 0.33769262839079406, 
2.4120430946350098, 0.9669653177261353, 2.950047731399536, 1.3124157190322876, 3.6014153957366943, 1.8671423196792603, 3.0161867141723633, 1.6454658508300781, 0.45107800242166396, 0.33769262839079406, 3.191848039627075, 2.2265045642852783,0.5057102123397506, 0.4262352250796996, 
2.950047731399536, 1.3124157190322876, 3.6014153957366943, 1.8671423196792603, 4.333422660827637, 2.509650707244873, 3.191848039627075, 2.2265045642852783, 0.5057102123397506, 0.4262352250796996, 3.157182216644287, 3.0004353523254395,0.12158771309845715, 0.33729531913701366, 
0, 0, 0, 0, 0.0, 0.0, 3.157182216644287, 3.0004353523254395, 0, 0, 3.799097776412964, 3.3606557846069336,0, 0, 
0, 0, 0.0, 0.0, 0.006956786848604679, 0.003966064192354679, 3.799097776412964, 3.3606557846069336, 0, 0, 0.010481860488653183, 0.011587575078010559,0.2980916553007494, 0.3318116646725134, 
0.0, 0.0, 0.006956786848604679, 0.003966064192354679, 0.13769394159317017, 0.03821777179837227, 0.010481860488653183, 0.011587575078010559, 0.2980916553007494, 0.3318116646725134, 0.13096235692501068, 0.03960498049855232,0.8466133261379991, 0.3522364567126818, 
0.006956786848604679, 0.003966064192354679, 0.13769394159317017, 0.03821777179837227, 0.3576177954673767, 0.09927001595497131, 0.13096235692501068, 0.03960498049855232, 0.8466133261379991, 0.3522364567126818, 0.8241796493530273, 0.272988498210907,0.4994465087299259, 0.242874349947116, 
0.13769394159317017, 0.03821777179837227, 0.3576177954673767, 0.09927001595497131, 0.6803991794586182, 0.12399047613143921, 0.8241796493530273, 0.272988498210907, 0.4994465087299259, 0.242874349947116, 1.2685458660125732, 0.3445165455341339,-0.586769476742857, 0.28861974563149073, 
0.3576177954673767, 0.09927001595497131, 0.6803991794586182, 0.12399047613143921, 1.09566068649292, 0.08214843273162842, 1.2685458660125732, 0.3445165455341339, -0.586769476742857, 0.28861974563149073, 1.8517742156982422, 0.0107268700376153,-0.384716962922969, 0.2678172393788125, 
0.6803991794586182, 0.12399047613143921, 1.09566068649292, 0.08214843273162842, 1.6269747018814087, 0.1083398386836052, 1.8517742156982422, 0.0107268700376153, -0.384716962922969, 0.2678172393788125, 2.2855160236358643, -0.2434033751487732,0.902390267152399, 0.33430670151412234, 
1.09566068649292, 0.08214843273162842, 1.6269747018814087, 0.1083398386836052, 2.2293269634246826, 0.2955297827720642, 2.2855160236358643, -0.2434033751487732, 0.902390267152399, 0.33430670151412234, 2.8474831581115723, 0.318236768245697,1.6854974112056647, 0.5035659455903534, 
1.6269747018814087, 0.1083398386836052, 2.2293269634246826, 0.2955297827720642, 2.859945297241211, 0.5250146389007568, 2.8474831581115723, 0.318236768245697, 1.6854974112056647, 0.5035659455903534, 3.052811861038208, 1.1653900146484375,-0.18115574904197063, 0.2865699420156635, 
2.2293269634246826, 0.2955297827720642, 2.859945297241211, 0.5250146389007568, 3.6019060611724854, 0.6319970488548279, 3.052811861038208, 1.1653900146484375, -0.18115574904197063, 0.2865699420156635, 3.327573776245117, 1.0906121730804443,-0.5303403710598265, 0.3406572547255766, 
2.859945297241211, 0.5250146389007568, 3.6019060611724854, 0.6319970488548279, 4.3698859214782715, 0.7390917539596558, 3.327573776245117, 1.0906121730804443, -0.5303403710598265, 0.3406572547255766, 3.785098075866699, 0.31500905752182007,0.29233657231142485, 0.34793516816071735, 
3.6019060611724854, 0.6319970488548279, 4.3698859214782715, 0.7390917539596558, 5.385038375854492, 1.0170031785964966, 3.785098075866699, 0.31500905752182007, 0.29233657231142485, 0.34793516816071735, 4.1762800216674805, 0.8088368773460388,0.20316364893731376, 0.4529197441555698, 
4.3698859214782715, 0.7390917539596558, 5.385038375854492, 1.0170031785964966, 6.329659461975098, 1.4410204887390137, 4.1762800216674805, 0.8088368773460388, 0.20316364893731376, 0.4529197441555698, 4.8480329513549805, 1.4153794050216675,0.9350421399356298, 0.39668928194018344, 
5.385038375854492, 1.0170031785964966, 6.329659461975098, 1.4410204887390137, 7.251834392547607, 1.977364420890808, 4.8480329513549805, 1.4153794050216675, 0.9350421399356298, 0.39668928194018344, 4.451232433319092, 2.6673552989959717,-0.03760083935446229, 0.1441760816287475, 
6.329659461975098, 1.4410204887390137, 7.251834392547607, 1.977364420890808, 8.107381820678711, 2.6065051555633545, 4.451232433319092, 2.6673552989959717, -0.03760083935446229, 0.1441760816287475, 4.84552001953125, 2.6184768676757812,1.4051604414246261, 0.16948762816813626, 
7.251834392547607, 1.977364420890808, 8.107381820678711, 2.6065051555633545, 8.805206298828125, 3.36730694770813, 4.84552001953125, 2.6184768676757812, 1.4051604414246261, 0.16948762816813626, 3.9949748516082764, 3.2498292922973633,0.6332075846514388, 0.4301920322126048, 
8.107381820678711, 2.6065051555633545, 8.805206298828125, 3.36730694770813, 9.559375762939453, 4.209583759307861, 3.9949748516082764, 3.2498292922973633, 0.6332075846514388, 0.4301920322126048, 3.2689290046691895, 4.303994655609131,-0.6068899167996099, 0.25447811833626377, 
